id	result	sva_rules	t_sva	t_chk	watchdog
m001	BOTH	A23_EARLY_READY	1355000	1270000	0
m002	BOTH	A20_AWREADY_TIMEOUT	475000	-	1
m003	CHECKER_ONLY	-	-	205000	0
m004	CHECKER_ONLY	-	-	95000	0
m005	CHECKER_ONLY	-	-	95000	0
m006	CHECKER_ONLY	-	-	285000	0
m007	CHECKER_ONLY	-	-	365000	0
m008	CHECKER_ONLY	-	-	495000	0
m009	SVA_ONLY	A23_EARLY_READY	1485000	-	0
m010	BOTH	A16_NO_B_WITHOUT_WRITE+A20_AWREADY_TIMEOUT	105000	-	1
m011	CHECKER_ONLY	-	-	255000	0
m012	CHECKER_ONLY	-	-	95000	0
m013	CHECKER_ONLY	-	-	125000	0
m014	CHECKER_ONLY	-	-	365000	0
m015	CHECKER_ONLY	-	-	205000	0
m016	CHECKER_ONLY	-	-	125000	0
m017	BOTH	A10_RVALID_HOLD+A19_R_TIMEOUT	1195000	-	1
m018	BOTH	A20_AWREADY_TIMEOUT	395000	-	1
m019	SURVIVED	-	-	-	0
m020	CHECKER_ONLY	-	-	205000	0
m021	CHECKER_ONLY	-	-	125000	0
m022	CHECKER_ONLY	-	-	125000	0
m023	SURVIVED	-	-	-	0
m024	CHECKER_ONLY	-	-	365000	0
m025	SVA_ONLY	A23_EARLY_READY	1695000	-	0
m026	BOTH	A15_RESET_RESP_LOW+A17_NO_R_WITHOUT_READ+A22_ARREADY_TIMEOUT	15000	-	1
m027	CHECKER_ONLY	-	-	175000	0
m028	CHECKER_ONLY	-	-	285000	0
m029	CHECKER_ONLY	-	-	95000	0
m030	BOTH	A11_RDATA_STABLE+A15_RESET_RESP_LOW+A17_NO_R_WITHOUT_READ+A22_ARREADY_TIMEOUT	55000	-	1
m031	SURVIVED	-	-	-	0
m032	CHECKER_ONLY	-	-	285000	0
m033	SVA_ONLY	A23_EARLY_READY	1485000	-	0
m034	BOTH	A15_RESET_RESP_LOW+A16_NO_B_WITHOUT_WRITE+A20_AWREADY_TIMEOUT	15000	-	1
m035	SURVIVED	-	-	-	0
m036	CHECKER_ONLY	-	-	175000	0
m037	CHECKER_ONLY	-	-	365000	0
m038	BOTH	A18_B_TIMEOUT	255000	-	1
m039	CHECKER_ONLY	-	-	285000	0
m040	CHECKER_ONLY	-	-	945000	0
m041	BOTH	A18_B_TIMEOUT	255000	-	1
m042	CHECKER_ONLY	-	-	335000	0
m043	CHECKER_ONLY	-	-	365000	0
m044	CHECKER_ONLY	-	-	125000	0
m045	CHECKER_ONLY	-	-	285000	0
m046	CHECKER_ONLY	-	-	205000	0
m047	BOTH	A15_RESET_RESP_LOW+A16_NO_B_WITHOUT_WRITE+A20_AWREADY_TIMEOUT	55000	-	1
m048	BOTH	A18_B_TIMEOUT	255000	-	1
m049	CHECKER_ONLY	-	-	365000	0
m050	CHECKER_ONLY	-	-	125000	0
m051	CHECKER_ONLY	-	-	285000	0
m052	BOTH	A21_WREADY_TIMEOUT	1735000	-	1
m053	CHECKER_ONLY	-	-	1085000	0
m054	SVA_ONLY	A23_EARLY_READY	1405000	-	0
m055	BOTH	A16_NO_B_WITHOUT_WRITE+A21_WREADY_TIMEOUT	85000	-	1
m056	CHECKER_ONLY	-	-	285000	0
m057	CHECKER_ONLY	-	-	125000	0
m058	BOTH	A20_AWREADY_TIMEOUT	395000	-	1
m059	SURVIVED	-	-	-	0
m060	BOTH	A22_ARREADY_TIMEOUT	445000	-	1
m061	BOTH	A23_EARLY_READY	1355000	1270000	0
m062	BOTH	A19_R_TIMEOUT	295000	-	1
m063	CHECKER_ONLY	-	-	255000	0
m064	CHECKER_ONLY	-	-	125000	0
m065	CHECKER_ONLY	-	-	205000	0
m066	CHECKER_ONLY	-	-	285000	0
m067	BOTH	A18_B_TIMEOUT	255000	-	1
m068	BOTH	A17_NO_R_WITHOUT_READ+A22_ARREADY_TIMEOUT	135000	-	1
m069	CHECKER_ONLY	-	-	335000	0
m070	CHECKER_ONLY	-	-	365000	0
m071	BOTH	A20_AWREADY_TIMEOUT	1685000	-	1
m072	SURVIVED	-	-	-	0
m073	BOTH	A20_AWREADY_TIMEOUT	395000	-	1
m074	BOTH	A18_B_TIMEOUT	255000	-	1
m075	CHECKER_ONLY	-	-	125000	0
m076	SURVIVED	-	-	-	0
m077	BOTH	A14_RRESP_LEGAL	285000	285000	0
m078	SVA_ONLY	A23_EARLY_READY	1665000	-	0
m079	BOTH	A16_NO_B_WITHOUT_WRITE+A21_WREADY_TIMEOUT	165000	-	1
m080	CHECKER_ONLY	-	-	205000	0
m081	CHECKER_ONLY	-	-	285000	0
m082	CHECKER_ONLY	-	-	205000	0
m083	BOTH	A16_NO_B_WITHOUT_WRITE+A21_WREADY_TIMEOUT	85000	-	1
m084	CHECKER_ONLY	-	-	205000	0
m085	CHECKER_ONLY	-	-	365000	0
m086	BOTH	A16_NO_B_WITHOUT_WRITE+A21_WREADY_TIMEOUT	165000	-	1
m087	BOTH	A11_RDATA_STABLE+A15_RESET_RESP_LOW+A17_NO_R_WITHOUT_READ+A22_ARREADY_TIMEOUT	55000	-	1
m088	BOTH	A15_RESET_RESP_LOW+A16_NO_B_WITHOUT_WRITE+A20_AWREADY_TIMEOUT	55000	-	1
m089	CHECKER_ONLY	-	-	125000	0
m090	BOTH	A16_NO_B_WITHOUT_WRITE+A21_WREADY_TIMEOUT	85000	-	1
m091	CHECKER_ONLY	-	-	1085000	0
m092	CHECKER_ONLY	-	-	205000	0
m093	CHECKER_ONLY	-	-	285000	0
m094	CHECKER_ONLY	-	-	125000	0
m095	SVA_ONLY	A23_EARLY_READY	1405000	-	0
m096	CHECKER_ONLY	-	-	365000	0
m097	CHECKER_ONLY	-	-	125000	0
m098	CHECKER_ONLY	-	-	365000	0
m099	BOTH	A16_NO_B_WITHOUT_WRITE+A21_WREADY_TIMEOUT	1285000	115000	1
m100	CHECKER_ONLY	-	-	205000	0
m101	CHECKER_ONLY	-	-	205000	0
m102	BOTH	A13_BRESP_LEGAL	945000	945000	0
m103	BOTH	A16_NO_B_WITHOUT_WRITE+A21_WREADY_TIMEOUT	85000	-	1
m104	CHECKER_ONLY	-	-	125000	0
m105	SURVIVED	-	-	-	0
m106	CHECKER_ONLY	-	-	285000	0
m107	SURVIVED	-	-	-	0
m108	CHECKER_ONLY	-	-	205000	0
m109	BOTH	A19_R_TIMEOUT	295000	-	1
m110	CHECKER_ONLY	-	-	205000	0
m111	CHECKER_ONLY	-	-	365000	0
m112	BOTH	A18_B_TIMEOUT	255000	-	1
m113	CHECKER_ONLY	-	-	1085000	0
m114	SURVIVED	-	-	-	0
m115	CHECKER_ONLY	-	-	285000	0
m116	BOTH	A18_B_TIMEOUT	255000	-	1
m117	BOTH	A20_AWREADY_TIMEOUT	395000	-	1
m118	BOTH	A18_B_TIMEOUT	255000	-	1
m119	CHECKER_ONLY	-	-	125000	0
m120	CHECKER_ONLY	-	-	125000	0
m121	CHECKER_ONLY	-	-	285000	0
m122	CHECKER_ONLY	-	-	365000	0
m123	CHECKER_ONLY	-	-	205000	0
m124	BOTH	A14_RRESP_LEGAL	125000	125000	0
m125	CHECKER_ONLY	-	-	365000	0
m126	BOTH	A14_RRESP_LEGAL	365000	365000	0
m127	BOTH	A18_B_TIMEOUT	255000	-	1
m128	BOTH	A20_AWREADY_TIMEOUT	395000	-	1
m129	CHECKER_ONLY	-	-	365000	0
m130	CHECKER_ONLY	-	-	205000	0
m131	CHECKER_ONLY	-	-	365000	0
m132	BOTH	A21_WREADY_TIMEOUT	405000	-	1
m133	SURVIVED	-	-	-	0
m134	SURVIVED	-	-	-	0
m135	CHECKER_ONLY	-	-	125000	0
m136	CHECKER_ONLY	-	-	125000	0
m137	CHECKER_ONLY	-	-	125000	0
m138	BOTH	A17_NO_R_WITHOUT_READ+A22_ARREADY_TIMEOUT	135000	-	1
m139	SURVIVED	-	-	-	0
m140	BOTH	A14_RRESP_LEGAL	1085000	1085000	0
m141	BOTH	A22_ARREADY_TIMEOUT	1815000	-	1
m142	BOTH	A13_BRESP_LEGAL	95000	95000	0
m143	SURVIVED	-	-	-	0
m144	BOTH	A15_RESET_RESP_LOW+A16_NO_B_WITHOUT_WRITE+A20_AWREADY_TIMEOUT	15000	-	1
m145	BOTH	A19_R_TIMEOUT	295000	-	1
m146	CHECKER_ONLY	-	-	285000	0
m147	CHECKER_ONLY	-	-	205000	0
m148	BOTH	A13_BRESP_LEGAL	175000	175000	0
m149	SURVIVED	-	-	-	0
m150	SURVIVED	-	-	-	0
m151	SURVIVED	-	-	-	0
m152	SURVIVED	-	-	-	0
m153	CHECKER_ONLY	-	-	945000	0
m154	CHECKER_ONLY	-	-	365000	0
m155	CHECKER_ONLY	-	-	125000	0
m156	CHECKER_ONLY	-	-	125000	0
m157	CHECKER_ONLY	-	-	285000	0
m158	SURVIVED	-	-	-	0
m159	SURVIVED	-	-	-	0
m160	BOTH	A15_RESET_RESP_LOW+A17_NO_R_WITHOUT_READ+A22_ARREADY_TIMEOUT	15000	-	1
m161	SURVIVED	-	-	-	0
m162	BOTH	A13_BRESP_LEGAL	255000	255000	0
m163	BOTH	A20_AWREADY_TIMEOUT	475000	-	1
m164	CHECKER_ONLY	-	-	125000	0
m165	BOTH	A13_BRESP_LEGAL	335000	335000	0
m166	SURVIVED	-	-	-	0
m167	BOTH	A14_RRESP_LEGAL	205000	205000	0
m168	CHECKER_ONLY	-	-	285000	0
m169	BOTH	A16_NO_B_WITHOUT_WRITE+A20_AWREADY_TIMEOUT	105000	-	1
m170	CHECKER_ONLY	-	-	205000	0
m171	CHECKER_ONLY	-	-	95000	0
