rule	op_mutants	hand_mutants	faults	total	which
A01_AWVALID_HOLD	0	0	1	1	AWVALID_DROP
A02_AWADDR_STABLE	0	0	1	1	AWADDR_CHANGE
A03_WVALID_HOLD	0	0	1	1	WVALID_DROP
A04_WDATA_STABLE	0	0	1	1	WDATA_CHANGE
A05_WSTRB_STABLE	0	0	1	1	WSTRB_CHANGE
A06_ARVALID_HOLD	0	0	1	1	ARVALID_DROP
A07_ARADDR_STABLE	0	0	1	1	ARADDR_CHANGE
A08_BVALID_HOLD	0	1	0	1	BVALID_DROP
A09_BRESP_STABLE	0	1	0	1	BRESP_UNSTABLE
A10_RVALID_HOLD	1	0	0	1	m017
A11_RDATA_STABLE	1	1	0	2	m030 RDATA_UNSTABLE
A12_RRESP_STABLE	0	1	0	1	RRESP_UNSTABLE
A13_BRESP_LEGAL	0	1	0	1	ILLEGAL_BRESP
A14_RRESP_LEGAL	0	1	0	1	ILLEGAL_RRESP
A15_RESET_RESP_LOW	2	0	0	2	m026 m030
A16_NO_B_WITHOUT_WRITE	1	0	0	1	m010
A17_NO_R_WITHOUT_READ	2	0	0	2	m026 m030
A18_B_TIMEOUT	0	2	0	2	MISSING_B BVALID_DROP
A19_R_TIMEOUT	1	1	0	2	m017 MISSING_R
A20_AWREADY_TIMEOUT	3	0	0	3	m002 m010 m018
A21_WREADY_TIMEOUT	0	1	0	1	WREADY_STUCK0
A22_ARREADY_TIMEOUT	2	0	0	2	m026 m030
A23_EARLY_READY	3	0	0	3	m001 m009 m025
A24_RESET_REQ_LOW	0	0	1	1	AWVALID_IN_RESET
