id	line	operator	original	mutated	result	sva_rules
m001	87	AND_TO_OR	assign s_axi_awready = !aw_received && !s_axi_bvalid && (aw_wait >= ready_delay);	assign s_axi_awready = !aw_received && !s_axi_bvalid || (aw_wait >= ready_delay);	SURVIVED	-
m002	252	BIT_FLIP	aw_received <= 1'b0;	aw_received <= 1'b1;	CHECKER_ONLY	-
m003	279	CONST_MINUS1	4'd1: begin	4'd0: begin	CHECKER_ONLY	-
m004	168	CONST_PLUS1	4'd0: begin	4'd1: begin	CHECKER_ONLY	-
m005	166	EQ_TO_NEQ	case ((awaddr_reg[31:4] == 28'd0 && awaddr_reg[1:0] == 2'b00) ? awaddr_reg[5:2] : 4'hF)	case ((awaddr_reg[31:4] != 28'd0 && awaddr_reg[1:0] == 2'b00) ? awaddr_reg[5:2] : 4'hF)	CHECKER_ONLY	-
m006	206	IF_NEGATE	if (wstrb_reg[0])	if (!(wstrb_reg[0]))	CHECKER_ONLY	-
m007	234	STUCK0	reg3[31:24] <= wdata_reg[31:24];	reg3[31:24] <= '0;	CHECKER_ONLY	-
m008	153	STUCK1	wstrb_reg <= s_axi_wstrb;	wstrb_reg <= '1;	CHECKER_ONLY	-
m009	79	AND_TO_OR	ar_wait <= (s_axi_arvalid && !s_axi_arready) ? ar_wait + 1 : 0;	ar_wait <= (s_axi_arvalid || !s_axi_arready) ? ar_wait + 1 : 0;	SURVIVED	-
m010	262	BIT_FLIP	s_axi_bvalid <= 1'b0;	s_axi_bvalid <= 1'b1;	BOTH	A16_NO_B_WITHOUT_WRITE
m011	204	CONST_MINUS1	4'd2: begin	4'd1: begin	CHECKER_ONLY	-
m012	166	CONST_PLUS1	case ((awaddr_reg[31:4] == 28'd0 && awaddr_reg[1:0] == 2'b00) ? awaddr_reg[5:2] : 4'hF)	case ((awaddr_reg[31:4] == 28'd1 && awaddr_reg[1:0] == 2'b00) ? awaddr_reg[5:2] : 4'hF)	CHECKER_ONLY	-
m013	272	EQ_TO_NEQ	case ((s_axi_araddr[31:4] == 28'd0 && s_axi_araddr[1:0] == 2'b00) ? s_axi_araddr[5:2] : 4'hF)	case ((s_axi_araddr[31:4] != 28'd0 && s_axi_araddr[1:0] == 2'b00) ? s_axi_araddr[5:2] : 4'hF)	CHECKER_ONLY	-
m014	224	IF_NEGATE	if (wstrb_reg[0])	if (!(wstrb_reg[0]))	CHECKER_ONLY	-
m015	195	STUCK0	reg1[23:16] <= wdata_reg[23:16];	reg1[23:16] <= '0;	CHECKER_ONLY	-
m016	152	STUCK1	wdata_reg <= s_axi_wdata;	wdata_reg <= '1;	CHECKER_ONLY	-
m017	309	AND_TO_OR	if (s_axi_rvalid && s_axi_rready) begin	if (s_axi_rvalid || s_axi_rready) begin	BOTH	A10_RVALID_HOLD+A19_R_TIMEOUT
m018	120	BIT_FLIP	aw_received <= 1'b0;	aw_received <= 1'b1;	CHECKER_ONLY	-
m019	166	CONST_MINUS1	case ((awaddr_reg[31:4] == 28'd0 && awaddr_reg[1:0] == 2'b00) ? awaddr_reg[5:2] : 4'hF)	case ((awaddr_reg[31:4] == 28'd0 && awaddr_reg[1:0] == 2'b00) ? awaddr_reg[5:2] : 4'he)	SURVIVED	-
m020	279	CONST_PLUS1	4'd1: begin	4'd2: begin	CHECKER_ONLY	-
m021	272	EQ_TO_NEQ	case ((s_axi_araddr[31:4] == 28'd0 && s_axi_araddr[1:0] == 2'b00) ? s_axi_araddr[5:2] : 4'hF)	case ((s_axi_araddr[31:4] == 28'd0 && s_axi_araddr[1:0] != 2'b00) ? s_axi_araddr[5:2] : 4'hF)	CHECKER_ONLY	-
m022	170	IF_NEGATE	if (wstrb_reg[0])	if (!(wstrb_reg[0]))	CHECKER_ONLY	-
m023	182	STUCK0	s_axi_bresp <= RESP_OKAY;	s_axi_bresp <= '0;	SURVIVED	-
m024	231	STUCK1	reg3[23:16] <= wdata_reg[23:16];	reg3[23:16] <= '1;	CHECKER_ONLY	-
m025	78	AND_TO_OR	w_wait  <= (s_axi_wvalid  && !s_axi_wready ) ? w_wait  + 1 : 0;	w_wait  <= (s_axi_wvalid  || !s_axi_wready ) ? w_wait  + 1 : 0;	SURVIVED	-
m026	128	BIT_FLIP	s_axi_rvalid <= 1'b0;	s_axi_rvalid <= 1'b1;	BOTH	A15_RESET_RESP_LOW+A17_NO_R_WITHOUT_READ
m027	186	CONST_MINUS1	4'd1: begin	4'd0: begin	CHECKER_ONLY	-
m028	284	CONST_PLUS1	4'd2: begin	4'd3: begin	CHECKER_ONLY	-
m029	166	EQ_TO_NEQ	case ((awaddr_reg[31:4] == 28'd0 && awaddr_reg[1:0] == 2'b00) ? awaddr_reg[5:2] : 4'hF)	case ((awaddr_reg[31:4] == 28'd0 && awaddr_reg[1:0] != 2'b00) ? awaddr_reg[5:2] : 4'hF)	CHECKER_ONLY	-
m030	270	IF_NEGATE	if (s_axi_arvalid && s_axi_arready) begin	if (!(s_axi_arvalid && s_axi_arready)) begin	BOTH	A11_RDATA_STABLE+A15_RESET_RESP_LOW+A17_NO_R_WITHOUT_READ
